start-time,duration,end-time
12.574,9.1820000000000004,21.756
29.096,0.71199999999999997,29.808
