start-time,duration,end-time
14.733,2.121,16.854
20.47,3.9700000000000002,24.44
26.037,1.9339999999999999,27.971
